<?xml version="1.0" encoding="UTF-8"?>
<project-private xmlns="http://www.netbeans.org/ns/project-private/1">
    <editor-bookmarks xmlns="http://www.netbeans.org/ns/editor-bookmarks/2" lastBookmarkId="0"/>
    <open-files xmlns="http://www.netbeans.org/ns/projectui-open-files/2">
        <group>
            <file>file:/C:/Users/30010827/Desktop/Week%2018/Java%20III/Project/Current/SocketClientFX/src/socketclientfx/FXMLDocumentController.java</file>
            <file>file:/C:/Users/30010827/Desktop/Week%2018/Java%20III/Project/Current/SocketClientFX/src/socketclientfx/SocketClientFX.java</file>
            <file>file:/C:/Users/30010827/Desktop/Week%2018/Java%20III/Project/Current/SocketClientFX/src/socketclientfx/FXMLDocument.fxml</file>
            <file>file:/C:/Users/30010827/Desktop/Week%2018/Java%20III/Project/Current/SocketClientFX/src/backstage/Backstage.java</file>
        </group>
    </open-files>
</project-private>
